avg_monthly_income,income_consistency,avg_monthly_txn_count,txn_consistency,utility_ontime_rate,platform_tenure_months,customer_rating,cancellation_rate,savings_rate,debt_to_income,is_good
8673,0.890732009491316,10.5,0.7716270703184419,0.75,40,4.0,0.169,0.0180272983942806,0.0703372729893341,1
21391,0.771630923297011,11.416666666666666,0.6852837790173708,0.4634146341463415,19,4.0,0.205,0.0023269812267264,0.3993829036254412,1
15454,0.6435224380937762,19.25,0.8383129922339125,0.6136363636363636,38,4.2,0.15,0.0246489656876779,0.0126832109230918,1
2047,0.6507013344958426,21.166666666666668,0.8182142302265324,0.631578947368421,40,3.4,0.167,0.0,0.6521739130434783,0
11057,0.8970576812465645,6.5,0.6955296900759509,0.951219512195122,6,4.1,0.174,0.0529722312674883,0.1807000090440444,1
23437,0.871819807842599,11.0,0.7054208773450972,0.9534883720930232,65,4.1,0.241,0.0,0.9856636941588088,1
16036,0.6401600415106771,16.833333333333332,0.7613471130060604,0.4897959183673469,15,4.4,0.091,0.0,0.8466839200523838,0
9583,0.8447812982905143,98.25,0.8652199895051476,0.6,11,3.8,0.16,0.0,0.847899817375424,1
9881,0.4823281613118024,11.0,0.7054208773450972,0.7027027027027027,16,4.7,0.219,0.00955225441406,0.3588705596599534,0
8733,0.8125099210512585,100.83333333333331,0.8670166010875326,0.7333333333333333,53,4.6,0.144,0.0,0.2496421414257085,1
11780,0.7975430089362574,7.0,0.7979694910895578,0.9148936170212766,52,4.7,0.043,0.0241642234982164,0.0,1
9729,0.8992701767517771,101.91666666666669,0.890265685226143,0.951219512195122,16,3.4,0.182,0.0,0.8005345120008224,1
12496,0.729576800661071,10.083333333333334,0.7802523008213499,0.8260869565217391,61,3.2,0.159,0.0,0.2174295774647887,1
17922,0.7416949088142337,12.083333333333334,0.752972487054175,0.4666666666666667,13,4.5,0.045,0.092098710163038,0.0310791206338578,1
14628,0.6228031394137723,20.33333333333333,0.7655680385889329,0.6153846153846154,59,4.1,0.03,0.0,0.9245966639321848,1
23346,0.5755451950152142,18.75,0.7704755318457714,0.5476190476190477,62,4.7,0.049,0.0,0.3177846312002056,1
9490,0.676743519812339,18.25,0.7351991841571146,0.9534883720930232,29,3.6,0.043,0.0078765660575599,0.1944151738672286,1
20023,0.7063332199360581,17.166666666666668,0.7496350105198519,0.6,19,3.9,0.11,0.0806864359820254,0.3086028218254463,1
19710,0.6942922193710103,5.416666666666667,0.7682073973335483,0.3095238095238095,45,4.5,0.016,0.0,0.7723179177553972,1
21086,0.7265918874005957,95.41666666666669,0.8216564803131812,0.7755102040816326,42,5.0,0.113,0.0,0.5210092004173386,1
11023,0.8753861056079836,6.416666666666667,0.8043309198270212,0.7948717948717948,26,4.5,0.279,0.0,0.7595373100476298,1
2350,0.7515659923627166,11.333333333333334,0.6915268093617202,0.5641025641025641,1,3.5,0.133,0.0195651423284795,0.1114893617021276,1
14797,0.6150408479190514,10.916666666666666,0.7396733907636651,0.6818181818181818,11,3.5,0.086,0.0069865296394418,0.3230384537406231,0
4402,0.8050570803487342,11.416666666666666,0.7196662135814377,0.5555555555555556,52,3.9,0.183,0.0577959162944073,0.0611085870059064,1
9781,0.821459428357902,7.166666666666667,0.7594399899351488,0.5,63,4.0,0.259,0.0,1.2310209089514852,0
2038,0.8406672642182764,10.166666666666666,0.6345328391867548,0.9545454545454546,20,4.2,0.115,0.0230156570095211,0.0721295387634936,1
28585,0.7010810369300551,6.416666666666667,0.7341624741498868,0.6976744186046512,35,4.5,0.185,0.0,0.3137364655670031,1
7744,0.6506515680626686,16.666666666666668,0.6186864807012477,0.4888888888888889,65,3.7,0.061,0.0017013437894515,0.3660898760330578,0
16453,0.7690998698663774,9.25,0.7274867844638888,0.902439024390244,72,3.6,0.073,0.0,0.9988755508281416,1
21906,0.7305712739060441,6.166666666666667,0.782101141937877,0.55,15,4.0,0.0,0.0549191296630316,0.0,1
7107,0.7757994330639254,6.5,0.7608364345361842,0.7894736842105263,1,3.1,0.062,0.0019532244108515,0.3868289594033631,0
20858,0.7313659431474999,10.083333333333334,0.5941988860432754,0.5384615384615384,40,3.6,0.136,0.0043563589089727,0.6014143593431619,0
19506,0.7078557374504206,18.58333333333333,0.7500427352579052,0.7209302325581395,13,4.0,0.116,0.0,0.6969316346671451,1
22350,0.6015166158021419,15.916666666666666,0.7520402044771808,0.4418604651162791,24,3.5,0.117,0.0,0.4873039665316897,0
23011,0.6138405702857519,20.33333333333333,0.7434020353688766,0.6818181818181818,1,4.0,0.287,0.0929365149133476,0.0,1
25208,0.6630688538662811,19.5,0.7474651845693306,0.6444444444444445,24,4.5,0.226,0.0091835280460971,0.4892988197956957,0
14995,0.7516015258118964,6.166666666666667,0.7537720654285325,0.6923076923076923,1,3.8,0.0,0.0,0.5675891963987996,0
35042,0.7837400631363344,93.75,0.8310573185082301,1.0,32,3.9,0.049,0.0,0.6082130015410079,1
14775,0.7372768942070209,6.5,0.7448750161265076,0.7843137254901961,89,4.5,0.021,0.0,0.6586802030456853,1
19975,0.7247310842258466,93.5,0.8427831738943163,0.7209302325581395,41,3.9,0.277,0.0,0.746601917444742,1
1970,0.7597303973144739,6.75,0.7425104492022937,0.5777777777777777,3,4.4,0.049,0.0,0.6768215283066769,1
5549,0.7843976964484352,8.5,0.668981509487566,0.6136363636363636,47,4.1,0.154,0.0,0.5224835541137244,1
18513,0.7532111786959441,10.416666666666666,0.6663894486081113,0.975,32,3.9,0.253,0.0,0.6506238859180036,1
30467,0.688610384558342,12.75,0.6926714262612093,0.6744186046511628,1,3.5,0.153,0.0052614961059044,0.1702826008468178,1
8816,0.6315492228613881,10.166666666666666,0.6048534166165918,0.9523809523809524,63,3.7,0.035,0.0,1.3119328493647913,0
11751,0.6946989113349985,9.083333333333334,0.6476538647766694,0.8095238095238095,6,4.7,0.116,0.0,0.638185609123016,1
13637,0.7031423134646502,105.25,0.8603548959239633,0.9,44,4.4,0.066,0.0245914908201373,0.405001099948669,1
20965,0.650414301970389,18.75,0.8026846855073502,0.951219512195122,6,3.6,0.092,0.0,0.6618650131170999,1
18175,0.6508281147607514,100.66666666666669,0.917550333788154,0.7631578947368421,7,4.1,0.017,0.0,0.5199042614652397,1
22165,0.5853135291231077,16.75,0.6441829443594284,0.2727272727272727,34,4.6,0.102,0.0,0.4323031806902774,0
26618,0.7492191682193323,93.08333333333331,0.8631606094182498,0.5,9,3.5,0.012,0.0,0.6839109608340378,1
28690,0.5993710974027435,18.08333333333333,0.7817496730651683,0.6904761904761905,1,4.3,0.0,0.1226997081049099,0.0046009062391077,1
22390,0.7921641538353622,9.166666666666666,0.6583946503989829,0.7209302325581395,32,3.7,0.046,0.0474792981164007,0.127467619472979,1
5788,0.6660304303509629,17.916666666666668,0.8184854297573223,0.7142857142857143,79,3.5,0.057,0.0,0.7012785072563925,1
15445,0.4393858460866182,96.5,0.8636015898332831,0.5813953488372093,44,3.9,0.147,0.0459355042798323,0.0,1
15949,0.66248132413533,17.25,0.6841377577144439,0.625,49,3.4,0.307,5.88175982253e-05,0.3923879988713672,1
20579,0.6473526375998475,9.666666666666666,0.6334432478367362,0.5952380952380952,41,4.4,0.058,0.0,0.4044414208659312,1
12374,0.903605290518014,10.416666666666666,0.7538130791451341,0.8260869565217391,1,3.7,0.264,0.0,0.5577824470664297,1
23100,0.604688338219814,19.25,0.8043309198270212,0.5121951219512195,12,3.7,0.2,0.0,0.2746812701573627,0
16914,0.9383453504714838,96.66666666666669,0.860611152197188,0.9230769230769232,3,4.4,0.105,0.0,0.6477665769947084,1
5828,0.8744345990723835,6.416666666666667,0.7498524638408023,0.6052631578947368,1,4.2,0.143,0.0811160303433828,0.0,1
24498,0.8860665008623589,11.0,0.8036139182300648,0.7631578947368421,32,4.0,0.218,0.0083434202187701,0.4740795166952404,1
9921,0.716225599486792,19.166666666666668,0.7840044808978397,0.7837837837837838,98,4.4,0.192,0.0,1.0292827982460562,1
26337,0.7288609111116253,7.166666666666667,0.8306951188539414,1.0,5,4.5,0.222,0.0157110600030531,0.0,1
30154,0.8234901598343854,6.333333333333333,0.7559574080132709,0.7567567567567568,33,4.4,0.168,0.0,0.90598262253764,1
13541,0.7465621077843174,16.333333333333332,0.6815410911361789,0.7441860465116279,29,3.5,0.088,0.0304357933753413,0.2263579631475942,1
10257,0.5188506711759863,18.83333333333333,0.6815388634434233,0.6888888888888889,8,3.7,0.0,0.0,0.2464658282148776,0
9301,0.8324146007236618,10.5,0.6829367562628861,0.5,19,4.9,0.211,0.074871421891121,0.0356950865498333,1
25418,0.6524395531373854,18.0,0.7996915958075561,0.8444444444444444,38,4.1,0.225,0.0,0.445393028562436,1
15832,0.873980158967766,12.0,0.6938137821521027,0.5853658536585366,37,3.2,0.065,0.0427831899556612,0.1937908599943151,1
27883,0.7223262456408829,102.66666666666669,0.9076528399134552,0.6052631578947368,1,3.9,0.076,0.0,0.7319513682171933,1
8050,0.8656052318456384,7.083333333333333,0.8136120056734722,0.7692307692307693,27,3.5,0.009,0.0,0.8251444189080067,1
11756,0.8141351584033371,99.41666666666669,0.878706500919865,0.7446808510638298,65,3.9,0.07,0.1159385456941959,0.0131853175109523,1
7792,0.8546148642331898,98.83333333333331,0.8514775165880554,0.6666666666666666,1,4.3,0.0,0.0,0.392582135523614,1
3466,0.670416137502977,96.41666666666669,0.8730119697386831,0.7560975609756098,17,3.9,0.0,0.0068109114449432,0.4328379743182802,1
13537,0.6774514936747985,101.0,0.8669799124500555,0.4772727272727273,7,4.6,0.09,0.0,0.5428286484689543,1
27234,0.7384179171959973,10.0,0.7385935476440313,0.3243243243243243,46,3.8,0.0,0.0034289874506855,0.2791782180035618,1
7191,0.7402761599659862,5.666666666666667,0.757464374963667,0.926829268292683,56,5.0,0.178,0.0,0.7863996662494785,1
23527,0.8201894033876691,6.833333333333333,0.7944841518737473,0.6388888888888888,1,4.4,0.118,0.0,0.5250988226293195,1
17641,0.7039359194998468,12.0,0.6995373937113343,0.8974358974358975,33,3.2,0.072,0.0937378425603877,0.1098577178164503,1
5720,0.6450752209424757,9.416666666666666,0.7812529717821544,0.6739130434782609,41,3.9,0.189,0.0,0.4199300699300699,1
13929,0.7392545600567813,6.583333333333333,0.7900870385851013,0.45,40,4.6,0.101,0.0,0.6756650034102739,1
14316,0.8491236550865551,94.66666666666669,0.8671270263090619,0.9555555555555556,2,4.2,0.155,0.0,0.4087876776920121,1
22883,0.6971186338939426,5.916666666666667,0.7468704118927968,0.926829268292683,14,3.5,0.171,0.0085601790952966,0.2327055019009745,1
25122,0.6383076942336898,14.833333333333334,0.6876081174279136,0.8409090909090909,59,4.3,0.105,0.0,0.8078576546453308,1
29884,0.6806695737927719,18.83333333333333,0.7823296659071001,0.5365853658536586,49,4.8,0.233,0.0,0.856980323919154,1
1734,0.6592410618871003,19.33333333333333,0.8131079018217344,0.3636363636363636,60,3.6,0.149,0.0,0.986159169550173,0
6971,0.7258363088005859,100.83333333333331,0.854254610838443,0.951219512195122,52,3.6,0.151,0.0,0.5391291872892906,1
1968,0.7260728656990825,18.166666666666668,0.7323678505355079,0.6923076923076923,79,3.5,0.126,0.0,1.0744599745870391,0
15066,0.7830293597652151,6.083333333333333,0.7936093263928854,0.7083333333333334,1,4.6,0.037,0.0,0.6754505326739902,1
13669,0.6229167748102126,16.083333333333332,0.6981003703221302,0.4761904761904761,21,3.8,0.239,0.0,0.3535006218450508,0
1767,0.5902992683998793,6.083333333333333,0.7448227943808609,0.7692307692307693,35,4.3,0.178,0.0205128888422446,0.2591963780418789,1
18345,0.8306960544768947,6.5,0.7372576726677026,0.8444444444444444,43,4.7,0.204,0.0,0.9893704006541292,1
21222,0.7582125946273409,6.166666666666667,0.7126987618179825,0.825,75,4.5,0.013,0.0,0.6656300065969277,1
9056,0.7883760711179161,6.166666666666667,0.7283817399697057,1.0,1,3.2,0.177,0.0991396509045419,0.0056316254416961,1
6415,0.8943554867454393,99.66666666666669,0.8804143198743738,0.4186046511627907,61,4.9,0.191,0.0,0.2648480124707716,1
14900,0.7631601137551755,95.5,0.8410525469589707,0.9375,40,4.1,0.103,0.0,0.8071411792342025,1
15580,0.801675021429934,92.83333333333331,0.8605291518175802,1.0,34,4.7,0.115,0.0,0.2766455919637985,1
16528,0.6853136426228071,16.916666666666668,0.7351329052459101,0.6097560975609756,60,4.4,0.03,0.0691972388457991,0.0,1
20030,0.8169778361884621,10.833333333333334,0.8047911147623151,0.5581395348837209,1,3.5,0.103,0.000392380385937,0.2129359195187099,1
3699,0.8704561122599137,94.08333333333331,0.8667175272865073,0.6190476190476191,26,3.9,0.134,0.0113896271649575,0.2535820492024871,1
6149,0.8124614347734118,6.416666666666667,0.7580787531143227,0.7727272727272727,40,4.4,0.037,0.0,0.603561844352281,1
10600,0.704578049043338,104.25,0.8993853081546566,0.6216216216216216,31,3.8,0.047,0.0,0.264635124298316,1
9908,0.6532875866272363,6.416666666666667,0.7665947953816697,0.4615384615384615,46,2.7,0.206,0.0,0.4368407771889982,0
25724,0.8064064151371351,5.5,0.7375680594592611,0.5609756097560976,12,4.3,0.033,0.0,1.2533820556678588,0
18714,0.9036142698996468,100.83333333333331,0.8753517345381628,0.717948717948718,46,4.1,0.029,0.0344229992116214,0.3183263419456542,1
4926,0.8733150834439856,6.25,0.8256440422583731,0.7837837837837838,66,3.8,0.057,0.0075982053098985,0.1313438895655704,1
33878,0.6772035602259516,19.33333333333333,0.8049360603623317,0.6153846153846154,29,4.1,0.12,0.0,0.7464836543428529,1
33074,0.6901105273967885,19.916666666666668,0.7713244615574945,1.0,1,3.2,0.008,0.0043241554878833,0.1050674245631009,1
15398,0.7428828899892564,9.416666666666666,0.6111226098633658,0.8888888888888888,10,3.3,0.197,0.095541792527377,0.1312508117937394,1
25362,0.7710986341653701,9.25,0.774414702242362,0.6818181818181818,1,3.4,0.17,0.0,0.7349183818310859,1
12102,0.8702509669911982,10.333333333333334,0.6905915146249859,0.9047619047619048,14,3.8,0.243,0.0031647023686447,0.3856387373987771,1
1801,0.7364997319109648,98.33333333333331,0.8769580243194472,0.6904761904761905,9,4.0,0.088,0.0090756472873177,0.1405165231880033,1
29100,0.9331848743451346,93.41666666666669,0.8336767312414536,0.825,26,4.5,0.078,0.0,0.6896219931271478,1
18218,0.678799005254012,100.66666666666669,0.8968183016497823,0.8709677419354839,34,4.0,0.204,0.0243557344914189,0.08771785371209,1
22687,0.7721556116027367,97.83333333333331,0.8895298614182386,0.6052631578947368,69,4.2,0.254,0.0035847562600937,0.4467855332466445,1
12135,0.8617352933340948,92.58333333333331,0.8877988070667336,0.8108108108108109,14,4.2,0.282,0.0,0.7931602801812938,1
11114,0.6082730888200294,20.58333333333333,0.8155782676286579,0.7837837837837838,10,4.2,0.239,0.0181886912855146,0.3820406694259493,0
20422,0.7317761729333689,10.583333333333334,0.6927115543135771,0.7142857142857143,39,4.7,0.137,0.0579651956976892,0.2254976372940283,1
26701,0.6176116290868795,11.416666666666666,0.7313114989882341,0.8974358974358975,32,4.2,0.21,0.0,0.4172206512986648,1
20870,0.7690630712452028,10.0,0.7027907583312165,0.975609756097561,55,3.3,0.03,0.0301010501657913,0.1579779587925251,1
11761,0.5702824556546642,6.5,0.8398718461949128,0.7209302325581395,21,3.2,0.179,0.0,0.4799965987840653,0
1840,0.8255773502352194,6.833333333333333,0.8126549817593023,0.7380952380952381,41,4.0,0.134,0.0557821288252708,0.0424028268551236,1
21878,0.6979911270964394,11.0,0.7197993635014102,0.75,40,3.7,0.09,0.0,0.9819220660495944,1
8876,0.9001447524501147,11.583333333333334,0.7126802079465344,0.2926829268292683,59,4.0,0.0,0.0,0.8182074249338065,1
1946,0.8036196996257329,11.166666666666666,0.7219711043254156,0.7272727272727273,19,3.9,0.158,0.0,0.7538540596094553,0
12325,0.8063607338246379,92.91666666666669,0.885051247815787,0.7959183673469388,37,4.3,0.132,0.0895024427071949,0.1050709939148073,1
11752,0.6861152060326425,97.58333333333331,0.8463730206122673,0.5714285714285714,46,3.4,0.225,0.0356316262378175,0.2104412202697528,1
11752,0.785002547622165,10.416666666666666,0.6927541700852556,0.6511627906976745,9,3.6,0.219,0.009510365422672,0.5125085091899251,0
18211,0.7947313401897901,11.333333333333334,0.7394111007842743,0.2195121951219512,1,3.6,0.115,0.0,0.6150847038796299,1
10393,0.6789784894419293,9.5,0.6469366351316121,0.7446808510638298,23,4.4,0.113,0.0450366683462145,0.0,1
10405,0.6305739220866102,19.58333333333333,0.8061609876777809,0.6222222222222222,46,2.9,0.194,0.0,0.7250708827911,0
21455,0.6045072493141932,18.33333333333333,0.7251597007667097,0.5405405405405406,48,3.3,0.168,0.0,1.112913374816472,0
3068,0.843924600610806,10.333333333333334,0.6224290351380767,0.9761904761904762,33,3.4,0.038,0.0176435529312894,0.1789731051344743,1
13793,0.8095919402775347,6.083333333333333,0.8167248197224706,0.8536585365853658,47,4.0,0.135,0.0169525488495,0.0,1
12509,0.63752780035748,17.0,0.8171102146453173,0.6222222222222222,21,4.5,0.205,0.001484818831716,0.7125554622856458,0
32121,0.69604976905786,10.083333333333334,0.7240362337675372,0.6756756756756757,60,3.7,0.194,0.0841359189351581,0.0,1
1635,0.480392965840913,11.416666666666666,0.7840846794489191,0.9772727272727272,90,5.0,0.094,0.0,0.7180428134556575,1
4157,0.7477618751278139,10.0,0.6214061102799817,0.627906976744186,42,4.3,0.191,0.0,0.7144575414962714,0
22559,0.7928711519211298,10.416666666666666,0.6853446329712458,0.9782608695652174,12,4.0,0.093,0.0,0.4211179573562658,1
18022,0.7558479630750732,6.166666666666667,0.7537720654285325,0.7333333333333333,12,3.9,0.24,0.007753675545667,0.2070802352680057,1
9173,0.8286463051144534,7.0,0.7979694910895578,0.3636363636363636,30,4.5,0.079,0.0,0.4165712728263832,1
27629,0.7589576844433924,9.916666666666666,0.6852383058768396,0.5882352941176471,43,3.7,0.052,0.0,0.9122102177099732,1
14679,0.7363441117454532,90.58333333333331,0.8496795893240816,0.8636363636363636,50,3.9,0.169,0.0,0.6954152190203692,1
15699,0.7819160319211496,11.25,0.626164359083095,0.9047619047619048,44,4.3,0.133,0.0009989645545162,0.2894451875915663,1
22640,0.7916427771938976,6.333333333333333,0.8139192681088032,0.5,65,4.2,0.213,0.0563239230284149,0.1791961130742049,1
15078,0.8973664000704423,9.583333333333334,0.7358181298962903,1.0,1,3.6,0.119,0.0,0.4996186370419499,1
21627,0.7289970911540268,6.083333333333333,0.7277451107623042,0.7631578947368421,93,4.4,0.074,0.0,0.776870968487735,1
15717,0.774837910086243,6.25,0.7725503718769069,0.7441860465116279,101,3.8,0.112,0.0681346844803475,0.0,1
10093,0.8031040769698619,7.166666666666667,0.780605089952172,0.6923076923076923,1,3.9,0.145,0.0,0.4571485187753888,0
9849,0.7742380205053873,9.333333333333334,0.5796927751450064,0.7804878048780488,6,4.2,0.013,0.0,0.7870234045793776,0
23443,0.8503806049081489,99.08333333333331,0.8639406774930416,0.75,1,4.7,0.01,0.0,0.2935631105233972,1
20943,0.8982145823192433,9.833333333333334,0.7412824148733264,0.975609756097561,43,4.2,0.065,0.0037026874836683,0.3737853646890295,1
14446,0.6894647882115843,19.08333333333333,0.689648962249233,0.2549019607843137,14,4.2,0.031,0.0069208316083999,0.2480357204665813,1
5923,0.6429946414865362,18.916666666666668,0.7958778354501658,0.575,17,3.5,0.277,0.0,0.7316167159138878,0
5453,0.798254679101623,5.916666666666667,0.7877955046011358,0.6818181818181818,24,3.1,0.281,0.0,0.802934433745988,0
13041,0.7798368243566536,5.916666666666667,0.7993266641017605,0.5454545454545454,1,4.0,0.091,0.1047855331587989,0.0,1
17016,0.9311995253086924,95.66666666666669,0.8406518456128345,0.6888888888888889,4,4.4,0.255,0.0,0.5876406805559636,1
16159,0.7738088633554394,6.166666666666667,0.782101141937877,0.8444444444444444,62,5.0,0.0,0.0,0.8040969149364112,1
6338,0.7267904517367247,6.0,0.736476861652635,0.9534883720930232,46,3.6,0.13,0.0,0.7453455348690439,1
9155,0.6883636650952201,6.166666666666667,0.7204302585732811,0.951219512195122,41,3.8,0.193,0.0002527947868097,0.4736468403517396,1
11256,0.6257626420674895,16.75,0.7396245948630941,0.95,12,4.3,0.191,0.0,0.3705743858558038,1
5774,0.6485537938256407,6.916666666666667,0.8388061667438595,0.6590909090909091,65,4.5,0.026,0.0,0.3276757880152407,1
19747,0.6270759409653129,93.0,0.854275617560888,0.725,47,4.2,0.073,0.0086889277124826,0.1864587025877348,1
2368,0.5360960230637589,20.166666666666668,0.8028618108780734,0.5365853658536586,50,4.8,0.109,0.0606697306145006,0.0,1
12523,0.6179133713643629,102.25,0.8827000286367332,0.65,67,3.9,0.184,0.0,0.7203034537831903,1
20414,0.883492153410774,97.83333333333331,0.8803729481154292,0.6216216216216216,66,4.3,0.121,0.0,0.5368996007544027,1
9823,0.6990609624258715,18.5,0.774414702242362,0.925,25,3.9,0.082,0.0,1.0940188343089845,1
21204,0.692611226252366,17.0,0.7785962786149762,0.9285714285714286,40,3.8,0.098,0.0,0.7810974603249463,1
6830,0.7031441238066629,15.5,0.741264313644818,0.7209302325581395,41,4.2,0.078,0.0,0.381433487078117,1
36032,0.9273017585370686,6.0,0.7546733092686709,0.6756756756756757,23,3.5,0.109,0.0,0.615239443264921,1
16921,0.8207177550287845,8.75,0.6865812824399175,0.9166666666666666,34,3.3,0.0,0.1038656912765243,0.0082146445245552,1
16305,0.826986245204778,7.416666666666667,0.8399122825980336,0.7333333333333333,30,4.3,0.129,0.0,0.9505964610996964,1
17257,0.5833565524646953,18.166666666666668,0.7905924365043426,0.782608695652174,14,3.9,0.198,0.0,0.5695824761684003,0
16734,0.7195856126161662,17.833333333333332,0.7854534526495515,0.8809523809523809,15,3.7,0.033,0.0638962335520482,0.045537395045866,1
16837,0.739595976480649,17.75,0.7386447763433468,0.75,66,3.6,0.134,0.0440485590317835,0.3651590294895019,1
16047,0.8596167240912949,11.5,0.7477261567314608,0.5581395348837209,59,4.0,0.15,0.0,0.3530988065933381,1
11835,0.8610535803060995,10.416666666666666,0.7386802724630228,0.8297872340425532,8,3.4,0.135,0.0,0.6230089991127635,1
15690,0.7723930334734253,11.25,0.7508863448770335,0.6666666666666666,9,3.8,0.037,0.0006251957243684,0.1457025399152299,1
22064,0.5918056730735551,16.416666666666668,0.7259353302194297,0.3953488372093023,70,4.5,0.246,0.124687116875196,0.0,1
22214,0.8259291180545302,107.58333333333331,0.9146013039868912,0.1351351351351351,1,4.4,0.113,0.0,0.6495903484289187,1
9110,0.7181600228450091,12.583333333333334,0.8854859836702611,0.9285714285714286,33,3.6,0.129,0.0,0.7482298699160217,1
14766,0.8279366343327255,6.916666666666667,0.7755670360217211,0.3636363636363636,76,4.1,0.098,0.010868098649131,0.2727303511564119,1
9246,0.7426339479803805,91.66666666666669,0.8879197454005641,0.55,13,3.6,0.126,0.0052484345684651,0.2482288680979936,1
14864,0.9265337267130008,97.0,0.8807357138207679,0.5897435897435898,1,4.0,0.086,0.0,0.3894775793050089,1
16044,0.8001669128674203,100.91666666666669,0.8529421491639938,0.5714285714285714,1,3.8,0.067,0.0,0.6873188518714745,1
8276,0.7090800436154834,5.833333333333333,0.6962815482075815,0.7142857142857143,68,3.0,0.286,0.0,0.5112373127114548,0
15858,0.8336343902243284,6.416666666666667,0.7418882218915352,0.5952380952380952,9,3.5,0.113,0.0,1.5306469920544836,0
16096,0.7072144419533251,97.83333333333331,0.8624948042131375,0.9523809523809524,12,3.5,0.131,0.0875572746248122,0.1160536779324055,1
8491,0.7029939843110808,10.416666666666666,0.6877949391825943,0.6,11,4.2,0.062,0.0,0.5673399681997526,0
25154,0.6111797277182238,16.75,0.7465614800606959,0.6744186046511628,39,3.7,0.053,0.0638780218563252,0.28226688134852,1
18715,0.8152981850920256,10.5,0.6621619578763054,0.725,37,4.2,0.091,0.0426478036291988,0.0,1
16832,0.8471515361085655,6.166666666666667,0.8703829318023589,0.8536585365853658,1,2.6,0.0,0.0653137736156876,0.0970175855513308,1
15098,0.6317714127905042,18.33333333333333,0.7714580892731538,0.7837837837837838,41,3.5,0.166,0.0,0.7372743831760226,1
22502,0.5629835242119858,18.166666666666668,0.7258430679360746,0.7272727272727273,33,4.4,0.131,0.0,0.5608514987889697,0
11912,0.8456081546817493,10.75,0.6774783866245779,0.6216216216216216,49,3.3,0.08,0.0,0.9556749496306246,0
2016,0.7086952120134941,16.75,0.7610386077905905,0.8421052631578947,1,3.5,0.116,0.0,0.6438492063492064,0
4306,0.6945841374093065,17.833333333333332,0.7747295178842253,0.9210526315789472,50,4.7,0.099,0.0,0.4954128440366973,1
16610,0.6780989982143564,10.583333333333334,0.6351517216313987,0.5952380952380952,61,4.3,0.333,0.025858891468187,0.4574352799518362,1
4472,0.8346137739457276,105.33333333333331,0.8935513405597838,0.3902439024390244,48,4.5,0.091,0.0,0.448345259391771,1
11354,0.7850521198514193,9.5,0.6469366351316121,0.9782608695652174,1,3.9,0.227,0.0006962190264017,0.403734366742998,1
21734,0.9217017924308022,6.833333333333333,0.747705355297839,0.5,58,3.9,0.08,0.0,0.2719304299813652,1
1836,0.5789194880583124,17.916666666666668,0.7682339069153303,0.75,43,4.4,0.115,0.0,0.5588235294117647,1
6201,0.7668610906848953,100.5,0.8584929089221105,0.6756756756756757,13,4.1,0.064,0.0,0.8329973389242803,1
13750,0.7083039318913531,19.416666666666668,0.8247686209219434,0.4,5,4.0,0.27,0.0,0.8299938179570167,0
5744,0.8237188512051958,102.41666666666669,0.891165791054069,0.5319148936170213,21,3.5,0.192,0.0975216387130761,0.0203708540088796,1
15265,0.8841711218740527,93.5,0.8694851158075902,0.8205128205128205,38,3.3,0.085,0.1348001388039454,0.0,1
11149,0.4317818472673641,18.08333333333333,0.785281147332318,0.6744186046511628,27,3.9,0.115,0.0796277378567237,0.0,0
20986,0.6118778632577779,7.166666666666667,0.7959310607583228,0.5116279069767442,1,3.8,0.169,0.0,0.8534940792451932,0
16654,0.874502406577931,5.583333333333333,0.7419161721523794,0.5853658536585366,40,4.0,0.155,0.1032316229958809,0.0,1
5649,0.7645238906627694,6.583333333333333,0.7725037879036528,1.0,31,4.2,0.135,0.0,0.9025404974772064,1
3549,0.7838585972151646,8.416666666666666,0.6914765059231112,1.0,21,4.3,0.0,0.0,0.6329434972523601,1
10115,0.8799110504793531,95.75,0.8973056896120254,0.9473684210526316,17,4.2,0.042,0.1138894733283246,0.0,1
16635,0.7292929941963062,6.166666666666667,0.8032402732626887,0.9069767441860463,65,4.1,0.09,0.0,0.6648832246235234,1
17646,0.8761344809597142,6.75,0.7982699427361952,0.7111111111111111,57,4.2,0.186,0.0,0.5430125807548453,1
3340,0.7396128109493498,103.91666666666669,0.8931693130155554,0.3555555555555555,31,3.9,0.17,0.0003085818229065,0.1476268902530318,1
16459,0.564810982599565,18.5,0.7924014662738215,0.5945945945945946,45,5.0,0.188,0.0,1.0326872835530714,0
6667,0.8652330839444976,91.5,0.8845540846813055,0.7317073170731707,31,4.0,0.0,0.0,0.5432728363581821,1
13990,0.5640746048079088,16.583333333333332,0.7400984815882261,0.8536585365853658,45,4.3,0.159,0.0,1.1508220157255182,0
12130,0.6050600001235513,6.0,0.7546733092686709,0.4888888888888889,54,2.8,0.173,0.061667389530148,0.2549157013891751,0
10889,0.5382626957226446,16.75,0.7084135669235303,1.0,12,3.9,0.14,0.126606416666637,0.0157039213885572,1
22420,0.6945490019996111,106.75,0.8758929500735,0.5,20,4.4,0.248,0.0021088213207063,0.4428287874395057,1
18313,0.6517105308874166,18.916666666666668,0.7516184077707411,0.5806451612903226,18,3.5,0.093,0.0,0.4744170807623,1
23766,0.8614815386095189,91.75,0.8939427768063839,0.631578947368421,4,4.1,0.097,0.0728699866175262,0.0510392998401077,1
15134,0.771590757040435,6.416666666666667,0.7418882218915352,0.8085106382978723,40,4.0,0.0,0.0,0.3751280272243698,1
17957,0.7686219672396323,9.166666666666666,0.6642511761341929,0.717948717948718,42,4.3,0.01,0.0955902201189431,0.0,1
5426,0.7775000731014363,11.916666666666666,0.7542477847439779,0.5405405405405406,24,5.0,0.206,0.0855627255282305,0.0683807943968297,1
11777,0.6782881368265222,7.166666666666667,0.7733303640742102,1.0,6,4.2,0.0,0.0626321169795742,0.1207489491784486,1
9619,0.6308502215252019,18.25,0.7286656709270214,0.8292682926829268,39,3.9,0.045,0.0,0.7954462754067682,1
8655,0.6914252418902718,19.916666666666668,0.7826280299939659,0.7,45,3.8,0.159,0.0647346489556208,0.2292316580011554,1
22247,0.6848932697031707,18.83333333333333,0.7511086529128277,0.8837209302325582,45,4.9,0.062,0.0269783147126909,0.4672989616577516,1
2221,0.8764296578563101,95.33333333333331,0.8944658162742198,0.6,1,5.0,0.189,0.0056197816313423,0.4385411976587123,1
31818,0.8335221139734313,11.333333333333334,0.7769742516455427,0.9722222222222222,11,3.2,0.11,0.0676938387865105,0.0,1
8132,0.7460933513522054,10.083333333333334,0.7095655637883376,0.65,1,4.8,0.121,0.0,0.1448687204082887,1
1918,0.7350690743795956,7.333333333333333,0.8392939133666937,0.9210526315789472,41,3.7,0.068,0.0313031329558771,0.0,1
2152,0.7233655295080501,92.83333333333331,0.8706737632786212,0.7619047619047619,18,4.8,0.256,0.0146239824036198,0.1194515454334185,1
12102,0.7660677531099477,92.16666666666669,0.835165069935306,0.6341463414634146,33,3.9,0.145,0.0,1.098872040656117,1
6501,0.8481788320445219,10.5,0.7465282631322014,1.0,9,3.7,0.096,0.0,0.3505884162756711,1
15701,0.9003808927223875,6.333333333333333,0.803070663854003,0.7560975609756098,13,2.8,0.048,0.0,0.5285650595503472,1
20040,0.5522016587076646,17.166666666666668,0.7418497902852752,0.6578947368421053,21,4.0,0.01,0.0,0.704441117764471,0
5941,0.9015458882693554,6.75,0.7982699427361952,0.6818181818181818,71,4.5,0.083,0.0182082104284673,0.0,1
6096,0.7844639776841513,6.333333333333333,0.7475878145624884,0.95,43,3.7,0.114,0.0055781199749089,0.3357939632545931,1
10464,0.6543668075083591,97.5,0.9111275491859422,0.5952380952380952,7,3.7,0.0,0.0,0.3622114971089979,1
28884,0.8104964223623228,90.25,0.8758602986172784,0.3170731707317073,56,3.7,0.0,0.0,0.9724583239565842,1
9806,0.8045650887070155,98.08333333333331,0.8602411210161214,0.525,31,4.5,0.062,0.0013297872340425,0.3566183968998572,1
8825,0.566302173566194,17.083333333333332,0.6982304814005552,1.0,37,2.5,0.235,0.0014982383351443,0.5309915014164306,0
16331,0.5744173879616996,18.666666666666668,0.7932886267358888,0.9,1,4.4,0.0,0.1632234808303253,0.0,1
22701,0.6718782558056391,18.08333333333333,0.73627826861153,0.3658536585365853,30,3.9,0.07,0.0,0.5334566759173605,0
2071,0.7955257615525905,95.91666666666669,0.8502745629214137,0.6875,30,3.1,0.085,0.0,0.4258812168034765,1
23522,0.6708673983296431,17.416666666666668,0.7003164753150316,0.6578947368421053,37,4.5,0.216,0.0,0.7885809029844401,1
21485,0.8337723911443691,103.83333333333331,0.8914780562190345,0.5348837209302325,106,3.5,0.087,0.0,0.8008843379101699,1
20687,0.6969917431635204,10.833333333333334,0.6761913049253971,0.8571428571428571,37,4.0,0.111,0.0,0.5752060522563024,1
17547,0.7326407924240965,92.58333333333331,0.8671673280879275,0.7560975609756098,1,4.0,0.132,0.0499657838194136,0.0,1
13910,0.5863007041664305,18.08333333333333,0.7937562764921636,0.6444444444444445,59,5.0,0.018,0.0095226444850376,0.3796549245147376,1
14919,0.7064913367357879,10.916666666666666,0.6365418058895447,0.6842105263157895,9,3.7,0.077,0.0052430471980604,0.2578007172302845,1
17207,0.6557315073175468,16.25,0.717855493261971,0.625,49,3.6,0.197,0.0,0.5508223397454525,0
18901,0.6244039884311063,11.416666666666666,0.7313114989882341,1.0,11,3.6,0.063,0.0,0.8309084175440453,1
23218,0.6695956080682375,102.66666666666669,0.9090329498303772,1.0,39,3.8,0.041,0.0,0.8286674132138858,1
14962,0.7271298311136642,10.75,0.8254522441984853,0.9761904761904762,69,4.4,0.06,0.0247777638417091,0.1054671835316134,1
3442,0.6267562089401566,10.583333333333334,0.6693850901540628,0.7441860465116279,36,4.9,0.02,0.0062633263110229,0.1801278326554329,1
9318,0.6896463566788346,105.75,0.9058222965151674,0.5882352941176471,1,4.8,0.081,0.1675875574286854,0.0,1
1757,0.6897321755279543,14.916666666666666,0.6665314507056226,0.9210526315789472,28,3.8,0.0,0.0075000283406463,0.4143426294820717,1
23246,0.9133438540242732,96.16666666666669,0.8742933254364743,0.9285714285714286,55,4.1,0.372,0.0,0.3468553729673922,1
10457,0.8316728433407459,6.083333333333333,0.7728339184688082,0.945945945945946,27,3.2,0.015,0.0013761729557057,0.2173663574638998,1
4231,0.5801479752757799,16.083333333333332,0.6970351522063478,0.4523809523809524,10,3.8,0.062,0.0318416049295056,0.0,1
3544,0.7285656793197952,9.166666666666666,0.6642511761341929,0.627906976744186,27,3.8,0.165,0.0,0.9032167042889392,0
14429,0.6700453185112817,6.25,0.6791677489195743,0.625,29,3.8,0.0,0.0010002951411016,0.6442111099559898,1
2590,0.5864325039075948,19.75,0.698231104709895,0.6,74,3.6,0.152,0.0,1.2123552123552124,0
18241,0.652254452374466,18.58333333333333,0.751981043784308,0.55,36,5.0,0.157,0.0,0.5979550999150243,1
15504,0.7246119663856023,11.916666666666666,0.8488798406645153,0.7,65,3.2,0.087,0.0671395413729534,0.0062564499484004,1
11129,0.8198022853908955,6.083333333333333,0.7728339184688082,0.8536585365853658,24,3.9,0.0,0.0,0.7986700813227299,1
21506,0.8798648505090084,10.166666666666666,0.7530078824046005,0.723404255319149,30,3.2,0.096,0.0,0.4255091602343532,1
13677,0.756208501094647,7.083333333333333,0.8227468332550663,0.6428571428571429,14,4.2,0.0,0.0295905960822861,0.2882211011186664,1
18110,0.7880447455129914,6.25,0.7821315381550907,0.7333333333333333,45,4.7,0.143,0.0540301227960217,0.0076200993926007,1
11778,0.7144211142975261,6.083333333333333,0.7728339184688082,0.6818181818181818,56,3.7,0.196,0.0321186136528712,0.0,1
11055,0.8242337321557421,9.416666666666666,0.6859965486865456,0.5238095238095238,24,3.6,0.159,0.0555619368875539,0.0407978651228006,1
27507,0.7985524217023325,96.5,0.8625558751669711,0.6666666666666666,54,4.5,0.138,0.0,0.636213258684311,1
21648,0.7416844452945623,10.25,0.6989673401370143,0.5434782608695652,26,3.3,0.205,0.0,0.3092664449371766,0
26091,0.8343065144521493,7.166666666666667,0.7959310607583228,0.9767441860465116,31,4.5,0.075,0.0,0.7457744049672301,1
16338,0.7492636044795786,12.916666666666666,0.6928192036872926,0.5384615384615384,51,4.0,0.0,0.0625953494087351,0.0,1
5772,0.5969443957335032,17.666666666666668,0.7214184328257849,0.7073170731707317,20,3.6,0.159,0.0,0.976349302607641,0
27466,0.875938056827892,6.5,0.7527269035642832,0.675,1,4.1,0.139,0.0,1.027288780470044,1
8788,0.7287239134068162,17.833333333333332,0.7830245464253476,0.6428571428571429,26,4.4,0.209,0.0010327321453345,0.2885753299954483,1
16380,0.8975115268518841,5.5,0.8425408356755566,0.7708333333333334,3,3.6,0.027,0.0,0.2527472527472527,1
8750,0.5956645077179102,17.666666666666668,0.7195081368430472,0.6046511627906976,51,3.7,0.131,0.0,0.8179428571428572,0
20854,0.7005711335479303,17.583333333333332,0.7133191064485951,0.825,34,4.0,0.439,0.0,0.8602872419497926,0
17344,0.7134548677881878,11.833333333333334,0.8023145232729831,0.7948717948717948,5,3.4,0.079,0.0,1.2811923431734318,0
20927,0.7971137464381872,10.166666666666666,0.6480178597773133,0.5952380952380952,1,4.1,0.078,0.0200352261251629,0.1618044106754593,1
1967,0.8743983155428386,7.0,0.7741230242736872,0.8372093023255814,42,4.0,0.056,0.0,0.7071682765632944,1
13775,0.4725067354315139,95.41666666666669,0.8623213978342061,0.425,1,4.2,0.0,0.0275588700560225,0.1201451905626134,1
27419,0.717782478819609,96.33333333333331,0.8655630298957618,0.6153846153846154,30,3.9,0.17,0.0452046122544681,0.1266275210620372,1
8566,0.694976165246753,97.75,0.8662801067581243,0.475,2,3.8,0.16,0.0,0.4039460626933629,1
21868,0.8259289508077037,102.91666666666669,0.8979789217137315,0.6818181818181818,8,4.6,0.093,0.0,0.4450440150908883,1
30100,0.4840123100210042,17.0,0.7562783746145871,0.6923076923076923,1,3.7,0.174,0.0,0.6268874898254124,0
9310,0.807313586950841,11.833333333333334,0.7492324814821851,0.525,26,4.2,0.117,0.0001025550867323,0.2740211611794403,1
13804,0.783212590965029,9.5,0.7133309712566984,0.4651162790697674,16,3.8,0.0,0.0,0.6645899739206027,1
17395,0.6433207274819119,7.0,0.7897199793731465,0.5476190476190477,1,4.0,0.146,0.0,0.8226738336830607,0
25324,0.6223947744682417,9.5,0.6241353458661658,0.6944444444444444,35,4.3,0.0,0.0,0.6207155267730217,0
12395,0.7560499140387305,17.833333333333332,0.7283281896495583,0.6756756756756757,58,3.4,0.111,0.0139244614480228,0.2607503025413473,1
12916,0.7286620755166344,6.583333333333333,0.8196480145724683,0.8048780487804879,13,3.8,0.16,0.0,0.6081839650032906,1
1871,0.8820128390583253,9.0,0.6124361196952528,0.7692307692307693,53,3.4,0.06,0.0,0.7632282202031,1
11114,0.6325609457947361,6.833333333333333,0.7548810824116856,0.4523809523809524,6,3.5,0.157,0.0,1.2799748054168354,0
12108,0.7067903464473804,9.916666666666666,0.7255044878813264,0.6666666666666666,26,4.2,0.172,0.0,0.5412950115626033,0
20016,0.727771305756874,10.166666666666666,0.7664293959217212,0.6857142857142857,43,3.4,0.11,0.0,0.9400979216626698,1
2923,0.8405798794687649,8.75,0.6865812824399175,0.6976744186046512,49,3.4,0.092,0.0,0.2330196749358426,1
21782,0.7444561059944277,18.5,0.7983510875171226,0.8809523809523809,100,3.7,0.242,0.0,0.6696967610127861,1
6805,0.9015575244468268,9.916666666666666,0.6376796447510907,0.951219512195122,43,3.8,0.15,0.0,0.8592842971562936,1
4252,0.8124230850099781,11.666666666666666,0.7750283464568054,0.5681818181818182,46,4.2,0.13,0.0847222936806361,0.0613900976126073,1
3447,0.6635438630482229,95.75,0.8512512983540862,0.8809523809523809,5,4.0,0.005,0.0046861110760778,0.5390194371917609,1
33426,0.9304749802777674,98.91666666666669,0.8713626777985815,0.7073170731707317,33,4.6,0.06,0.0,0.2955782923472745,1
15910,0.803914022827712,6.75,0.7982699427361952,1.0,19,4.8,0.166,0.1141309464900968,0.0,1
2142,0.5740306400007787,16.5,0.7850121550121943,0.574468085106383,15,3.3,0.063,0.0,0.1340182115339715,0
24758,0.7498903407294153,7.0,0.7817821097640076,0.6382978723404256,47,4.2,0.219,0.0,0.6117742098354034,1
9397,0.6740503752046818,18.25,0.7428692561588842,0.7391304347826086,58,3.9,0.167,0.0036282830034151,0.5009045440034053,1
1832,0.7799523273250843,9.583333333333334,0.7499338461817668,0.3846153846153846,14,4.4,0.122,0.0,0.6726726726726727,1
7159,0.716783061191415,10.25,0.7069785155944699,0.8536585365853658,1,5.0,0.124,0.0,0.8020673278390836,1
13048,0.7925036331920212,90.0,0.8709005551264195,0.6341463414634146,41,4.5,0.071,0.0,0.7517915309446254,1
28030,0.7678842002922582,17.666666666666668,0.6803570878094827,0.9545454545454546,11,3.7,0.047,0.0,0.8687989439697461,1
26052,0.7690634962752437,98.75,0.8912374105682247,0.6585365853658537,13,4.1,0.141,0.0009074091055048,0.1725011515430677,1
26888,0.7008881198174215,6.916666666666667,0.8002033258822048,0.9111111111111112,24,3.6,0.0,0.0,0.6351160368937816,1
15527,0.7555679189875542,15.916666666666666,0.7520402044771808,0.975,27,3.6,0.263,0.0,0.9714359321160596,0
25002,0.7557460664820452,11.333333333333334,0.7000576756710126,0.6666666666666666,29,3.5,0.014,0.0,0.3790896728261739,1
7531,0.7355735637041697,10.083333333333334,0.6984886554222365,0.7560975609756098,50,4.4,0.107,0.0,0.978887265967335,0
19297,0.8932942920484,6.083333333333333,0.7728339184688082,0.8205128205128205,26,4.3,0.0,0.0,0.6522426346746819,1
14862,0.7612828740471702,9.166666666666666,0.6147341799924164,0.5555555555555556,51,3.7,0.128,9.53083686896e-05,0.4881741412374256,0
17880,0.7319095631262068,6.166666666666667,0.7204302585732811,0.7674418604651163,47,3.4,0.159,0.0027794400176372,0.3507270693512304,1
9109,0.8305005905952421,6.0,0.736476861652635,0.7391304347826086,18,4.3,0.185,0.0458634540429225,0.0077944889669557,1
6377,0.8709554351712507,94.66666666666669,0.8688173520408651,0.7804878048780488,35,4.8,0.027,0.0,0.8689038732946527,1
15500,0.646197539887734,10.333333333333334,0.688079361196553,0.7674418604651163,52,3.8,0.086,0.0312010897427075,0.0,1
9782,0.7181189472524169,17.25,0.750516882441056,0.574468085106383,41,3.2,0.049,0.0,0.5592189337013751,0
4606,0.8137315894637005,96.5,0.8592745096543338,0.6744186046511628,1,3.5,0.203,0.0038319288229466,0.2920104211897525,1
5505,0.6279848084856536,9.666666666666666,0.7489617279558443,0.4523809523809524,3,4.0,0.038,0.0,0.8479564032697547,0
3067,0.691177674107398,18.166666666666668,0.6615437294367575,1.0,39,4.3,0.036,0.0,1.5744333931191912,1
10837,0.7845762801149148,6.0,0.6808576307478873,0.868421052631579,4,4.5,0.0,0.0100334478906103,0.0477069299621666,1
12586,0.6371078058117868,97.75,0.8903631342861803,1.0,23,4.2,0.223,0.0,0.8727503873505225,1
12342,0.6063634726822389,96.25,0.8471794024273994,0.575,49,3.7,0.296,0.0103903057865548,0.4319572175181299,0
15827,0.6421260363676675,17.25,0.7198484122241937,0.717391304347826,62,3.9,0.002,0.0,0.722562709294244,1
17517,0.7518945474499554,19.33333333333333,0.7938230906361827,0.6,1,3.4,0.089,0.0,0.5165838899354912,1
11227,0.8923924971745469,5.5,0.7375680594592611,0.85,20,3.5,0.099,0.0,0.6107597755411063,1
24546,0.7764394405203964,6.333333333333333,0.7394869753523245,0.75,61,4.3,0.038,0.0639878716598688,0.0,1
17502,0.651335597436969,19.33333333333333,0.731787082998206,0.7272727272727273,1,4.4,0.149,0.0,1.1847788824134384,0
4462,0.6739158130106879,5.583333333333333,0.7635376191379872,0.4042553191489361,21,3.9,0.155,0.0070326201743983,0.3377787739549479,0
16140,0.5888107984153714,19.08333333333333,0.7834571830879049,0.4651162790697674,1,3.5,0.248,0.0552659413896164,0.2569392812887237,0
14160,0.5654683854805784,18.83333333333333,0.8003448818994959,1.0,40,4.0,0.145,0.0265807285968731,0.0859493626187365,1
30381,0.652605625480094,17.916666666666668,0.7499161849531151,0.9473684210526316,29,3.3,0.298,0.0,0.5570586879957868,1
21457,0.7402354748744171,11.666666666666666,0.7592528636235326,0.4090909090909091,34,4.2,0.227,0.0,0.7749632978351548,0
5749,0.7989543991123389,8.583333333333334,0.5868364498844036,0.7,45,3.3,0.188,0.0,0.5738888405671044,0
21787,0.5588921821002171,15.916666666666666,0.6761112496707531,0.2765957446808511,4,3.9,0.106,0.0041636116021277,0.4041400835360536,0
25184,0.7639719245832693,95.58333333333331,0.8741316044206558,0.6521739130434783,38,4.2,0.0,0.0,0.8170663913595934,1
17768,0.6892517306435858,16.0,0.702440482144048,0.6956521739130435,8,3.5,0.125,0.0458686441946963,0.1541015899817081,1
6337,0.7452506691607261,10.75,0.747734262088791,0.8666666666666667,1,4.5,0.223,0.0941390675648056,0.0591762663721003,1
29806,0.637975075586775,18.0,0.8143524291133016,0.0476190476190476,63,4.1,0.087,0.0,0.7266993222841038,0
11652,0.6949954115092389,9.666666666666666,0.6612606430277845,0.8125,11,4.6,0.16,0.0,1.0652705660215422,1
2863,0.730886853111914,98.08333333333331,0.8812144552664342,0.6486486486486487,29,3.3,0.122,0.0086010574947721,0.2962445414847162,1
10496,0.4229164232446777,16.416666666666668,0.6677937406709407,0.6190476190476191,16,3.3,0.23,0.0,0.1920731707317073,0
17738,0.6105764895779275,6.583333333333333,0.7408925380954592,0.631578947368421,32,5.0,0.147,0.0,0.7399932348630059,1
12163,0.5358607869140715,6.666666666666667,0.7525126265847084,0.4047619047619047,87,4.5,0.12,0.0,0.8322782208336759,0
17012,0.6571724992533686,10.833333333333334,0.7159048413443172,0.9722222222222222,10,4.1,0.238,0.0047585827131234,0.3379379261697625,1
14982,0.6581657574922299,97.33333333333331,0.8365107087358903,0.6216216216216216,1,3.2,0.068,0.0,0.5082765985849687,1
6415,0.7811410161711516,102.16666666666669,0.8676014108649734,0.5609756097560976,43,4.2,0.131,0.0,0.3045985970381917,1
21111,0.6692290169237054,10.666666666666666,0.7231242945832914,0.9333333333333332,33,3.8,0.3,0.0,0.4701451884133488,1
13069,0.701333163701902,10.416666666666666,0.6550710218030384,0.782608695652174,42,4.2,0.186,0.1500415806089096,0.0,1
23285,0.896007013719755,10.583333333333334,0.7101549241054179,0.6428571428571429,64,4.0,0.144,0.0,0.1130341421515997,1
12423,0.7363342605451726,6.333333333333333,0.7829944407569652,0.9767441860465116,34,4.0,0.097,0.0732072369726893,0.0266441278274168,1
10610,0.7406431156392722,10.333333333333334,0.7034713498249962,0.6,45,2.9,0.104,0.0028085479840473,0.2410933081998115,0
13827,0.7754505267956995,10.583333333333334,0.6975926870917871,0.9767441860465116,62,4.1,0.251,0.0,0.6852059451054135,1
16463,0.6350116334540596,17.416666666666668,0.6697871232922753,0.7105263157894737,45,3.9,0.141,0.0,0.5087772580939075,0
21719,0.7834249474919053,11.666666666666666,0.6786508034513716,0.6363636363636364,46,4.1,0.333,0.0,0.6448419550153095,1
6662,0.6529326590526121,20.5,0.7897151681889827,0.8947368421052632,76,3.8,0.031,0.0,0.6424979359003228,1
30330,0.8317472998069575,95.91666666666669,0.8518558392269336,0.7,7,4.2,0.141,0.0,0.4609297725024728,1
24848,0.7487132502094191,9.75,0.728237382981459,0.902439024390244,43,3.7,0.223,0.0,0.2245251126851255,1
4353,0.8518746519362657,9.666666666666666,0.6121647627861382,0.9069767441860463,53,3.6,0.155,0.0,0.8591775786813691,1
21195,0.9042501597911388,94.91666666666669,0.8669806184058367,0.6666666666666666,53,3.8,0.067,0.0,0.8277147373139258,1
25168,0.7062314378519678,11.083333333333334,0.6477381421015797,0.6956521739130435,13,3.5,0.143,0.0591534920615391,0.0067944770040727,1
10941,0.7135360701942255,15.833333333333334,0.7249024348342742,0.6842105263157895,22,3.6,0.036,0.0967325163332028,0.1574882317992779,1
12770,0.8306191890065535,104.33333333333331,0.8786783543383545,0.3333333333333333,11,4.6,0.007,0.0,0.5342208300704777,1
13373,0.591698325854314,11.583333333333334,0.7703469107983832,0.8095238095238095,28,4.5,0.155,0.0,0.7507664697524864,1
22447,0.5158265334201453,17.25,0.7740803294475378,0.5531914893617021,21,3.1,0.0,0.0536075436601755,0.0,1
12108,0.7773950918598167,9.25,0.7498478670826159,0.6829268292682927,25,3.5,0.09,0.1345910114393227,0.0,1
10403,0.5220869440744964,17.333333333333332,0.6899131635269788,0.902439024390244,82,3.6,0.31,0.0046935135642542,0.6223503965392935,0
11556,0.5563079121814152,17.333333333333332,0.7180215711804774,0.6666666666666666,50,4.0,0.076,0.0,0.9613603911557268,0
18904,0.5712680209812069,17.666666666666668,0.7696876298918169,0.6428571428571429,33,3.8,0.06,0.0,0.5111222789430528,1
2123,0.7242726261116677,16.166666666666668,0.7553853501504191,0.7209302325581395,15,4.1,0.161,0.0,0.8087611869995289,1
10807,0.8311834836883645,9.25,0.678314034750322,0.4081632653061224,25,3.4,0.053,0.0,0.4914634710590848,0
12012,0.6319990403512422,98.16666666666669,0.8467559704010892,0.5555555555555556,63,4.4,0.228,0.1103616139437334,0.1591807850809641,1
23742,0.7926270598494609,11.916666666666666,0.7875460485179957,0.5121951219512195,30,4.0,0.045,0.0051052924314518,0.3030137101699555,1
19487,0.7904784094318021,102.91666666666669,0.8842501695790771,0.625,13,3.9,0.152,0.0,0.8632934777030841,1
14970,0.7544209364595551,95.58333333333331,0.8766940170520405,0.4883720930232558,30,3.0,0.132,0.1415799460408942,0.0620574482297929,1
13344,0.7054346967034104,16.916666666666668,0.7642148188418854,0.5319148936170213,14,3.0,0.083,0.0,0.6825795331060067,0
16725,0.7169110899101878,10.0,0.7056079711224051,0.7619047619047619,25,3.6,0.123,0.0,0.7625937995156806,0
14813,0.8113132607008999,9.416666666666666,0.7208529151223451,0.5454545454545454,5,4.3,0.155,0.0,0.8424356983730507,0
22056,0.6458309240270868,91.25,0.8503313641098694,0.8372093023255814,60,4.4,0.0,0.0,0.4751088139281828,1
21061,0.8001753679488312,101.83333333333331,0.8876887825577888,0.6326530612244898,45,4.4,0.032,0.1140391069209725,0.0,1
5200,0.6463088752185848,18.25,0.7082266813407132,0.631578947368421,28,3.8,0.191,0.0,0.6140975093759016,0
12091,0.7706399986017356,101.0,0.8743055106102835,0.6590909090909091,17,3.9,0.011,0.004686380659836,0.3975684393350426,1
12456,0.6212641564460872,10.083333333333334,0.6825972831459253,1.0,33,3.6,0.166,0.0,0.996708413615928,0
2063,0.7361521654015963,11.25,0.7330248697638504,0.3,69,4.0,0.093,0.0,0.6041212121212122,0
16282,0.786390693509422,11.5,0.6736715869797767,0.4210526315789473,81,4.5,0.227,0.0861250458868658,0.0,1
14925,0.7671922319594705,11.5,0.6795167480073045,0.4285714285714285,24,4.4,0.017,0.0176452344231518,0.0,1
1805,0.7515852502428518,9.333333333333334,0.5865772534717777,0.5641025641025641,21,3.9,0.267,0.0,0.6666666666666666,0
19786,0.7135564348896275,10.833333333333334,0.7012848024777292,0.8297872340425532,65,4.1,0.124,0.0,0.6675090343938743,1
20353,0.819785035023129,11.083333333333334,0.7232306418149479,0.6153846153846154,13,4.4,0.243,0.0075319649912288,0.1950081069129858,1
6030,0.7770806133620907,6.583333333333333,0.7994559554714575,0.3947368421052631,74,4.6,0.08,0.0,0.912106135986733,1
12310,0.5733439230811588,19.33333333333333,0.73513290524591,0.8947368421052632,1,4.1,0.119,0.0,0.5402924451665313,0
9100,0.6365398443386361,10.833333333333334,0.7533658532018247,0.7954545454545454,19,3.5,0.136,0.0,0.7880652783119951,0
14184,0.7622893309554734,6.75,0.7808859339592735,0.6590909090909091,84,4.0,0.092,0.0237624784795061,0.0,1
22011,0.7527457757966476,18.08333333333333,0.7605903187491145,0.5609756097560976,65,3.9,0.209,0.0,0.7980100858661578,1
1781,0.7377911767539387,7.416666666666667,0.7980651600493098,0.7317073170731707,33,3.5,0.174,0.1012056380202775,0.0,1
13835,0.5756924055112629,17.333333333333332,0.7749096171015457,0.4117647058823529,1,3.6,0.101,0.0,0.506487404676714,0
10914,0.510678268516302,17.083333333333332,0.739903463672814,1.0,59,4.2,0.0,0.0,0.3843687007513285,1
2805,0.7518797301797682,93.91666666666669,0.8791854512333674,0.5609756097560976,81,4.4,0.346,0.002705594885262,0.2200035656979853,1
19466,0.8051040420521249,105.91666666666669,0.8932901902708409,0.5555555555555556,47,3.7,0.23,0.0052995436558183,0.4038836946470769,1
13782,0.887191429855012,98.5,0.8787733367979833,0.6666666666666666,29,4.5,0.165,0.0,1.228966367957044,1
14958,0.6781957295870984,10.75,0.6958907713808833,0.5,54,3.8,0.223,0.0,0.8053484873809126,0
3005,0.7416537717563116,10.083333333333334,0.572558659802124,0.6511627906976745,73,3.5,0.004,0.0,0.4383424862705941,1
9319,0.7542453786927323,9.166666666666666,0.5849922832540608,0.8,45,3.4,0.277,0.1932740912698174,0.0,1
13447,0.9109090246708242,6.5,0.7870096445405621,0.7317073170731707,17,4.7,0.166,0.0,0.6619320294489477,1
19158,0.7442003650426203,19.166666666666668,0.7727454896457047,0.5909090909090909,41,3.9,0.074,0.0006738628547561,0.2804645700117447,1
16009,0.8494425897634589,96.41666666666669,0.8613363984743172,0.96,1,3.7,0.0,0.0,0.8400537214604741,1
16805,0.6727187135558876,16.666666666666668,0.7235945007782949,0.7674418604651163,56,4.1,0.111,0.0332643800027498,0.2769413864921154,1
15170,0.8050363250959114,6.333333333333333,0.8511354144870427,0.9473684210526316,1,4.5,0.21,0.0321118487693487,0.250502653350473,1
16012,0.4829989222997906,9.166666666666666,0.688777404206842,0.625,38,4.1,0.155,0.0,0.4331751186610042,0
6230,0.682456139780856,107.5,0.9240943152564736,0.75,27,3.8,0.13,5.92529389457e-05,0.1621187800963081,1
29736,0.8477145322799311,6.25,0.7725503718769069,1.0,55,4.7,0.247,1.45352217493e-05,0.3292641915523271,1
13161,0.8739933086178661,6.583333333333333,0.7561853128574908,0.631578947368421,55,3.9,0.0,0.0098328619785295,0.2003647139275131,1
6904,0.7420299659193346,10.333333333333334,0.745999745999619,0.5813953488372093,7,3.9,0.152,0.0078438398176339,0.0873406720741599,1
16369,0.8559148182088253,10.5,0.6666666666666667,0.4047619047619047,26,3.6,0.238,0.0,0.6273443704563504,0
19306,0.7175176267540732,17.583333333333332,0.7420215848292544,0.8,53,3.0,0.039,0.0407767017356715,0.0,1
16039,0.7650001517296956,94.75,0.8284013521665935,0.4222222222222222,21,3.7,0.026,0.0,0.3859463166754995,1
15885,0.7969574841103243,99.08333333333331,0.8648169071841318,1.0,43,3.2,0.238,0.0,0.9205829582297208,1
12138,0.6541510013235521,17.833333333333332,0.7034274457453751,0.72,35,4.2,0.16,0.0002528508938279,0.213297083539298,1
13737,0.660886125528312,18.25,0.7818230627324148,0.9772727272727272,63,4.0,0.001,0.0152799032483228,0.3640532867438305,1
29813,0.8236937427545061,94.75,0.8832571844831131,0.5813953488372093,16,4.5,0.195,0.0,0.9314884696016772,1
21059,0.6452703981922273,10.916666666666666,0.7165275629369903,0.5238095238095238,50,4.1,0.241,0.0,0.7691723253715751,0
25028,0.649948594493105,10.833333333333334,0.7286893524838709,0.7368421052631579,1,4.4,0.169,0.0040863895401872,0.2136007671408023,1
1938,0.8156998530954109,6.333333333333333,0.7475878145624884,0.717948717948718,11,3.4,0.14,0.1173064098328162,0.0464396284829721,1
9311,0.7242561422876999,96.83333333333331,0.8742367279715555,0.675,22,4.4,0.076,0.0,1.005477392331651,1
18236,0.7884021746603528,101.41666666666669,0.8758971988882737,0.9111111111111112,51,3.5,0.2,0.0099532678297153,0.3302807633252906,1
11894,0.624702544623625,18.75,0.8112811222616698,0.8717948717948718,13,3.8,0.0,0.0,0.8444948921679909,1
16487,0.6843467479092928,20.166666666666668,0.7555338932603464,0.75,42,2.8,0.152,0.0067613749472503,0.2273306241281009,1
23189,0.7599999906312188,96.66666666666669,0.851263746026278,0.945945945945946,1,4.1,0.092,0.0,0.8250210233520926,1
10581,0.7005321047910882,19.416666666666668,0.7760413197313347,0.5853658536585366,1,4.3,0.27,0.0855097681515211,0.0,1
6077,0.7046634797211333,20.5,0.7681857328555569,0.7906976744186046,16,3.3,0.055,0.0009896864256693,0.2348198124074378,1
19091,0.7564873231593834,6.416666666666667,0.7341624741498867,0.7105263157894737,60,4.9,0.108,0.0,0.3493792886700539,1
26508,0.8217058559523763,7.25,0.8725225688918458,0.6,12,4.1,0.14,0.0,0.1621805149485994,1
22239,0.8293926845412053,98.5,0.8869109657427617,0.9761904761904762,58,4.4,0.027,0.0,0.3071250309148549,1
16804,0.8085696331570299,10.75,0.6516799699432407,0.5714285714285714,58,3.3,0.011,0.0016260824355218,0.2092358962151868,1
6092,0.6890045564412833,101.75,0.856726345975056,0.9767441860465116,19,4.0,0.074,0.0,0.399704530531845,1
15565,0.7915705162880445,100.91666666666669,0.8674578309252136,0.6666666666666666,13,3.6,0.119,0.0887631788078983,0.0,1
14402,0.7075732988179266,102.41666666666669,0.9056318581989952,0.7105263157894737,34,3.5,0.143,0.0001610383754448,0.7011526176919872,1
5623,0.7612620529506049,6.416666666666667,0.7754335523923301,0.813953488372093,42,3.2,0.044,0.0033573088086153,0.2102080739818602,1
19570,0.6939887795133522,19.0,0.7961587712522412,0.875,51,3.7,0.116,0.0,0.3075704540228416,1
19950,0.7382059754168377,6.333333333333333,0.7475878145624884,0.6111111111111112,28,4.2,0.074,0.0111515931504313,0.6907441289255369,1
17399,0.7319074012438589,19.166666666666668,0.803817144822983,0.6136363636363636,107,3.6,0.256,0.1936908360584419,0.0,1
11960,0.8569695482554744,96.75,0.8653600468205371,0.5813953488372093,55,3.7,0.104,0.0011646582363355,0.0806856187290969,1
30293,0.7255034334915815,6.75,0.7220165370568469,0.6938775510204082,22,4.5,0.26,0.0,0.6711562267888092,1
8251,0.7684976623251858,7.0,0.8155722216091706,0.3414634146341463,59,4.0,0.152,0.0,0.3672504696685049,1
13011,0.5530692470566008,99.33333333333331,0.8752508033863013,0.282051282051282,29,2.8,0.125,0.0390797292086713,0.0,1
12605,0.6737478339420673,18.0,0.7297311200124736,0.6170212765957447,1,3.9,0.172,0.0720026975333733,0.0,1
4974,0.8496163365466886,6.083333333333333,0.8048245637154109,0.7659574468085106,1,4.1,0.208,0.0958188125182018,0.3022016688448778,1
16443,0.7305298402543798,102.16666666666669,0.8626876964990606,0.8604651162790697,1,4.1,0.213,0.0464093708259039,0.277869002006933,1
1983,0.7260530682533637,92.58333333333331,0.880010878268516,0.3488372093023256,46,4.2,0.209,0.0024345905538566,0.4654563792233989,1
14139,0.6616083216882893,6.25,0.7921539030917347,0.4615384615384615,16,4.0,0.152,0.0063765229887058,0.1388358441191031,0
13025,0.7148494460722985,16.666666666666668,0.7108633541039808,0.6976744186046512,37,4.3,0.218,0.0,0.2416215593688817,1
17296,0.7020933061593781,97.08333333333331,0.8904679323247553,0.851063829787234,58,4.2,0.14,0.0010956813431085,0.4091815790234454,1
12991,0.8560397142892406,5.583333333333333,0.8291712963841852,0.7894736842105263,7,3.5,0.192,0.0,0.6550688938495882,1
1957,0.9245714739370356,98.0,0.8858388677085822,0.6808510638297872,8,4.6,0.05,0.0,0.5121390237669308,1
8481,0.6256276218639314,19.83333333333333,0.7756129424736354,0.7441860465116279,1,3.5,0.0,0.0428262643502396,0.3845292140793585,1
4540,0.658114138332492,7.083333333333333,0.8136120056734722,0.675,14,4.6,0.0,0.0,0.6766519823788546,1
30642,0.7329815215376849,7.083333333333333,0.8425989628204746,0.5227272727272727,43,4.5,0.175,0.0,0.2002512931808168,1
27039,0.8708809511029776,6.583333333333333,0.7811187789140432,0.9761904761904762,1,3.8,0.199,0.0438475014053704,0.1497096786123747,1
16233,0.6920033247403068,17.833333333333332,0.6973058926971655,0.4047619047619047,23,3.2,0.303,0.0,0.6178771638021314,0
14809,0.6606395097793778,7.166666666666667,0.7959310607583228,0.7209302325581395,5,3.3,0.101,0.0,0.9116753325680328,0
19384,0.7711624759017801,10.416666666666666,0.6927541700852557,0.575,44,5.0,0.134,0.0,0.6375877011968634,1
9718,0.8685674689973184,96.58333333333331,0.8507084561515825,0.6444444444444445,47,3.5,0.161,0.0134768897582494,0.199526651574398,1
1972,0.8976683951642884,11.5,0.7477261567314608,0.8409090909090909,29,3.9,0.251,0.0,0.5694726166328601,1
1966,0.8021988071768122,6.666666666666667,0.8031498031497047,0.6388888888888888,38,4.1,0.16,0.0529131039298269,0.0,1
16425,0.831690956109342,10.0,0.6440973915989563,0.425,15,4.2,0.062,0.0,0.2876712328767123,1
29493,0.7147106591068438,19.08333333333333,0.7086645623734336,0.6829268292682927,46,4.2,0.132,0.1095238888782955,0.0,1
13616,0.6741559758567442,19.25,0.7695033850740409,0.7073170731707317,36,4.6,0.0,0.0,0.4909665099882491,1
1966,0.8035603268630357,10.833333333333334,0.6253601334804333,0.6190476190476191,30,4.1,0.019,0.0,0.4141439837191554,1
17075,0.8318616315813432,103.33333333333331,0.8997920995676835,0.4102564102564102,20,4.5,0.018,0.0,0.5976573938506589,1
11715,0.6873336047507126,6.333333333333333,0.7829944407569652,0.775,63,3.3,0.238,0.0,0.5392232180964576,0
8715,0.6178691721721191,17.916666666666668,0.7407419998256413,0.7659574468085106,27,4.3,0.097,0.0112708579288249,0.0,1
13646,0.5089931965882292,18.75,0.8368822284133105,0.7435897435897436,63,4.1,0.053,0.0,0.3322585373003078,1
31351,0.8735098783877561,91.75,0.8721086462920835,1.0,25,4.7,0.059,0.0,0.515422155593123,1
6273,0.7913279466269602,6.833333333333333,0.7777943029477,0.5869565217391305,37,4.3,0.331,0.0,0.2955759266640095,1
16845,0.8081075510889815,7.166666666666667,0.8405661720836967,0.5833333333333334,8,3.8,0.261,0.0407464624615467,0.2966546944106384,1
1895,0.8227035716927298,6.416666666666667,0.8149635474185064,0.8095238095238095,1,4.1,0.072,0.0,0.3668514119820533,1
25871,0.6928519179635757,102.66666666666669,0.8668435282181177,0.6808510638297872,23,3.7,0.169,0.0772249827388434,0.0601059100923814,1
13432,0.6330592987794696,17.416666666666668,0.7615803348650528,0.4102564102564102,16,4.0,0.263,0.0,0.9812009083125488,0
2054,0.6500843644274866,19.666666666666668,0.7704030985738294,0.625,12,4.5,0.097,0.0107162844882337,0.1753104455807158,1
16034,0.7965126420408416,10.583333333333334,0.728717587764532,0.6382978723404256,15,4.5,0.077,0.0,1.0718473244355744,1
17021,0.754459811063412,95.91666666666669,0.8639015727050774,0.4883720930232558,17,4.9,0.105,0.0,0.3182045180811375,1
23405,0.8325679754659744,7.0,0.8155722216091706,0.6666666666666666,34,3.0,0.183,0.0,1.213313678993356,0
8606,0.7646868565819837,11.166666666666666,0.7607280665390836,0.4893617021276595,1,5.0,0.0,0.0,0.3304863168903608,1
17460,0.922354492323868,101.75,0.887004596682389,0.717391304347826,26,2.5,0.233,0.0,0.3670675830469644,1
9838,0.8258450132751021,102.75,0.8570676093165497,1.0,20,3.4,0.174,0.0015704295086025,0.1199430778613539,1
25975,0.7577219766801411,6.75,0.8173006347290279,0.6341463414634146,26,3.7,0.21,0.0,0.2774205967276227,1
19358,0.6860641527018887,6.416666666666667,0.7266549976642962,0.9111111111111112,25,3.0,0.236,0.0,0.9366153528257052,0
